{
  "objects": [
    {
      "attributes": {
        "fieldFormatMap": "{\"@timestamp\":{\"id\":\"date\"},\"apache2.access.body_sent.bytes\":{\"id\":\"bytes\"},\"nginx.access.body_sent.bytes\":{\"id\":\"bytes\"},\"traefik.access.body_sent.bytes\":{\"id\":\"bytes\"}}",
        "fields": "[{\"aggregatable\":true,\"analyzed\":false,\"count\":0,\"doc_values\":true,\"indexed\":true,\"name\":\"beat.name\",\"scripted\":false,\"searchable\":true,\"type\":\"string\"},{\"aggregatable\":true,\"analyzed\":false,\"count\":0,\"doc_values\":true,\"indexed\":true,\"name\":\"beat.hostname\",\"scripted\":false,\"searchable\":true,\"type\":\"string\"},{\"aggregatable\":true,\"analyzed\":false,\"count\":0,\"doc_values\":true,\"indexed\":true,\"name\":\"beat.timezone\",\"scripted\":false,\"searchable\":true,\"type\":\"string\"},{\"aggregatable\":true,\"analyzed\":false,\"count\":0,\"doc_values\":true,\"indexed\":true,\"name\":\"beat.version\",\"scripted\":false,\"searchable\":true,\"type\":\"string\"},{\"aggregatable\":true,\"analyzed\":false,\"count\":0,\"doc_values\":true,\"indexed\":true,\"name\":\"@timestamp\",\"scripted\":false,\"searchable\":true,\"type\":\"date\"},{\"aggregatable\":true,\"analyzed\":false,\"count\":0,\"doc_values\":true,\"indexed\":true,\"name\":\"tags\",\"scripted\":false,\"searchable\":true,\"type\":\"string\"},{\"aggregatable\":true,\"analyzed\":false,\"count\":0,\"doc_values\":true,\"indexed\":true,\"name\":\"fields\",\"scripted\":false,\"searchable\":true},{\"aggregatable\":false,\"analyzed\":false,\"count\":0,\"doc_values\":true,\"indexed\":true,\"name\":\"error.message\",\"scripted\":false,\"searchable\":true,\"type\":\"string\"},{\"aggregatable\":true,\"analyzed\":false,\"count\":0,\"doc_values\":true,\"indexed\":true,\"name\":\"error.code\",\"scripted\":false,\"searchable\":true,\"type\":\"number\"},{\"aggregatable\":true,\"analyzed\":false,\"count\":0,\"doc_values\":true,\"indexed\":true,\"name\":\"error.type\",\"scripted\":false,\"searchable\":true,\"type\":\"string\"},{\"aggregatable\":true,\"analyzed\":false,\"count\":0,\"doc_values\":true,\"indexed\":true,\"name\":\"meta.cloud.provider\",\"scripted\":false,\"searchable\":true,\"type\":\"string\"},{\"aggregatable\":true,\"analyzed\":false,\"count\":0,\"doc_values\":true,\"indexed\":true,\"name\":\"meta.cloud.instance_id\",\"scripted\":false,\"searchable\":true,\"type\":\"string\"},{\"aggregatable\":true,\"analyzed\":false,\"count\":0,\"doc_values\":true,\"indexed\":true,\"name\":\"meta.cloud.instance_name\",\"scripted\":false,\"searchable\":true,\"type\":\"string\"},{\"aggregatable\":true,\"analyzed\":false,\"count\":0,\"doc_values\":true,\"indexed\":true,\"name\":\"meta.cloud.machine_type\",\"scripted\":false,\"searchable\":true,\"type\":\"string\"},{\"aggregatable\":true,\"analyzed\":false,\"count\":0,\"doc_values\":true,\"indexed\":true,\"name\":\"meta.cloud.availability_zone\",\"scripted\":false,\"searchable\":true,\"type\":\"string\"},{\"aggregatable\":true,\"analyzed\":false,\"count\":0,\"doc_values\":true,\"indexed\":true,\"name\":\"meta.cloud.project_id\",\"scripted\":false,\"searchable\":true,\"type\":\"string\"},{\"aggregatable\":true,\"analyzed\":false,\"count\":0,\"doc_values\":true,\"indexed\":true,\"name\":\"meta.cloud.region\",\"scripted\":false,\"searchable\":true,\"type\":\"string\"},{\"aggregatable\":true,\"analyzed\":false,\"count\":0,\"doc_values\":true,\"indexed\":true,\"name\":\"docker.container.id\",\"scripted\":false,\"searchable\":true,\"type\":\"string\"},{\"aggregatable\":true,\"analyzed\":false,\"count\":0,\"doc_values\":true,\"indexed\":true,\"name\":\"docker.container.image\",\"scripted\":false,\"searchable\":true,\"type\":\"string\"},{\"aggregatable\":true,\"analyzed\":false,\"count\":0,\"doc_values\":true,\"indexed\":true,\"name\":\"docker.container.name\",\"scripted\":false,\"searchable\":true,\"type\":\"string\"},{\"aggregatable\":true,\"analyzed\":false,\"count\":0,\"doc_values\":true,\"indexed\":true,\"name\":\"docker.container.labels\",\"scripted\":false,\"searchable\":true},{\"aggregatable\":true,\"analyzed\":false,\"count\":0,\"doc_values\":true,\"indexed\":true,\"name\":\"kubernetes.pod.name\",\"scripted\":false,\"searchable\":true,\"type\":\"string\"},{\"aggregatable\":true,\"analyzed\":false,\"count\":0,\"doc_values\":true,\"indexed\":true,\"name\":\"kubernetes.namespace\",\"scripted\":false,\"searchable\":true,\"type\":\"string\"},{\"aggregatable\":true,\"analyzed\":false,\"count\":0,\"doc_values\":true,\"indexed\":true,\"name\":\"kubernetes.node.name\",\"scripted\":false,\"searchable\":true,\"type\":\"string\"},{\"aggregatable\":true,\"analyzed\":false,\"count\":0,\"doc_values\":true,\"indexed\":true,\"name\":\"kubernetes.labels\",\"scripted\":false,\"searchable\":true},{\"aggregatable\":true,\"analyzed\":false,\"count\":0,\"doc_values\":true,\"indexed\":true,\"name\":\"kubernetes.annotations\",\"scripted\":false,\"searchable\":true},{\"aggregatable\":true,\"analyzed\":false,\"count\":0,\"doc_values\":true,\"indexed\":true,\"name\":\"kubernetes.container.name\",\"scripted\":false,\"searchable\":true,\"type\":\"string\"},{\"aggregatable\":true,\"analyzed\":false,\"count\":0,\"doc_values\":true,\"indexed\":true,\"name\":\"kubernetes.container.image\",\"scripted\":false,\"searchable\":true,\"type\":\"string\"},{\"aggregatable\":true,\"analyzed\":false,\"count\":0,\"doc_values\":true,\"indexed\":true,\"name\":\"source\",\"scripted\":false,\"searchable\":true,\"type\":\"string\"},{\"aggregatable\":true,\"analyzed\":false,\"count\":0,\"doc_values\":true,\"indexed\":true,\"name\":\"offset\",\"scripted\":false,\"searchable\":true,\"type\":\"number\"},{\"aggregatable\":false,\"analyzed\":false,\"count\":0,\"doc_values\":true,\"indexed\":true,\"name\":\"message\",\"scripted\":false,\"searchable\":true,\"type\":\"string\"},{\"aggregatable\":true,\"analyzed\":false,\"count\":0,\"doc_values\":true,\"indexed\":true,\"name\":\"stream\",\"scripted\":false,\"searchable\":true,\"type\":\"string\"},{\"aggregatable\":true,\"analyzed\":false,\"count\":0,\"doc_values\":true,\"indexed\":true,\"name\":\"prospector.type\",\"scripted\":false,\"searchable\":true,\"type\":\"string\"},{\"aggregatable\":true,\"analyzed\":false,\"count\":0,\"doc_values\":true,\"indexed\":true,\"name\":\"read_timestamp\",\"scripted\":false,\"searchable\":true,\"type\":\"string\"},{\"aggregatable\":true,\"analyzed\":false,\"count\":0,\"doc_values\":true,\"indexed\":true,\"name\":\"fileset.module\",\"scripted\":false,\"searchable\":true,\"type\":\"string\"},{\"aggregatable\":true,\"analyzed\":false,\"count\":0,\"doc_values\":true,\"indexed\":true,\"name\":\"fileset.name\",\"scripted\":false,\"searchable\":true,\"type\":\"string\"},{\"aggregatable\":true,\"analyzed\":false,\"count\":0,\"doc_values\":true,\"indexed\":true,\"name\":\"apache2.access.remote_ip\",\"scripted\":false,\"searchable\":true,\"type\":\"string\"},{\"aggregatable\":true,\"analyzed\":false,\"count\":0,\"doc_values\":true,\"indexed\":true,\"name\":\"apache2.access.user_name\",\"scripted\":false,\"searchable\":true,\"type\":\"string\"},{\"aggregatable\":true,\"analyzed\":false,\"count\":0,\"doc_values\":true,\"indexed\":true,\"name\":\"apache2.access.method\",\"scripted\":false,\"searchable\":true,\"type\":\"string\"},{\"aggregatable\":true,\"analyzed\":false,\"count\":0,\"doc_values\":true,\"indexed\":true,\"name\":\"apache2.access.url\",\"scripted\":false,\"searchable\":true,\"type\":\"string\"},{\"aggregatable\":true,\"analyzed\":false,\"count\":0,\"doc_values\":true,\"indexed\":true,\"name\":\"apache2.access.http_version\",\"scripted\":false,\"searchable\":true,\"type\":\"string\"},{\"aggregatable\":true,\"analyzed\":false,\"count\":0,\"doc_values\":true,\"indexed\":true,\"name\":\"apache2.access.response_code\",\"scripted\":false,\"searchable\":true,\"type\":\"number\"},{\"aggregatable\":true,\"analyzed\":false,\"count\":0,\"doc_values\":true,\"indexed\":true,\"name\":\"apache2.access.body_sent.bytes\",\"scripted\":false,\"searchable\":true,\"type\":\"number\"},{\"aggregatable\":true,\"analyzed\":false,\"count\":0,\"doc_values\":true,\"indexed\":true,\"name\":\"apache2.access.referrer\",\"scripted\":false,\"searchable\":true,\"type\":\"string\"},{\"aggregatable\":false,\"analyzed\":false,\"count\":0,\"doc_values\":true,\"indexed\":true,\"name\":\"apache2.access.agent\",\"scripted\":false,\"searchable\":true,\"type\":\"string\"},{\"aggregatable\":true,\"analyzed\":false,\"count\":0,\"doc_values\":true,\"indexed\":true,\"name\":\"apache2.access.user_agent.device\",\"scripted\":false,\"searchable\":true,\"type\":\"string\"},{\"aggregatable\":true,\"analyzed\":false,\"count\":0,\"doc_values\":true,\"indexed\":true,\"name\":\"apache2.access.user_agent.major\",\"scripted\":false,\"searchable\":true,\"type\":\"number\"},{\"aggregatable\":true,\"analyzed\":false,\"count\":0,\"doc_values\":true,\"indexed\":true,\"name\":\"apache2.access.user_agent.minor\",\"scripted\":false,\"searchable\":true,\"type\":\"number\"},{\"aggregatable\":true,\"analyzed\":false,\"count\":0,\"doc_values\":true,\"indexed\":true,\"name\":\"apache2.access.user_agent.patch\",\"scripted\":false,\"searchable\":true,\"type\":\"string\"},{\"aggregatable\":true,\"analyzed\":false,\"count\":0,\"doc_values\":true,\"indexed\":true,\"name\":\"apache2.access.user_agent.name\",\"scripted\":false,\"searchable\":true,\"type\":\"string\"},{\"aggregatable\":true,\"analyzed\":false,\"count\":0,\"doc_values\":true,\"indexed\":true,\"name\":\"apache2.access.user_agent.os\",\"scripted\":false,\"searchable\":true,\"type\":\"string\"},{\"aggregatable\":true,\"analyzed\":false,\"count\":0,\"doc_values\":true,\"indexed\":true,\"name\":\"apache2.access.user_agent.os_major\",\"scripted\":false,\"searchable\":true,\"type\":\"number\"},{\"aggregatable\":true,\"analyzed\":false,\"count\":0,\"doc_values\":true,\"indexed\":true,\"name\":\"apache2.access.user_agent.os_minor\",\"scripted\":false,\"searchable\":true,\"type\":\"number\"},{\"aggregatable\":true,\"analyzed\":false,\"count\":0,\"doc_values\":true,\"indexed\":true,\"name\":\"apache2.access.user_agent.os_name\",\"scripted\":false,\"searchable\":true,\"type\":\"string\"},{\"aggregatable\":true,\"analyzed\":false,\"count\":0,\"doc_values\":true,\"indexed\":true,\"name\":\"apache2.access.geoip.continent_name\",\"scripted\":false,\"searchable\":true,\"type\":\"string\"},{\"aggregatable\":true,\"analyzed\":false,\"count\":0,\"doc_values\":true,\"indexed\":true,\"name\":\"apache2.access.geoip.country_iso_code\",\"scripted\":false,\"searchable\":true,\"type\":\"string\"},{\"aggregatable\":true,\"analyzed\":false,\"count\":0,\"doc_values\":true,\"indexed\":true,\"name\":\"apache2.access.geoip.location\",\"scripted\":false,\"searchable\":true,\"type\":\"geo_point\"},{\"aggregatable\":true,\"analyzed\":false,\"count\":0,\"doc_values\":true,\"indexed\":true,\"name\":\"apache2.access.geoip.region_name\",\"scripted\":false,\"searchable\":true,\"type\":\"string\"},{\"aggregatable\":true,\"analyzed\":false,\"count\":0,\"doc_values\":true,\"indexed\":true,\"name\":\"apache2.access.geoip.city_name\",\"scripted\":false,\"searchable\":true,\"type\":\"string\"},{\"aggregatable\":true,\"analyzed\":false,\"count\":0,\"doc_values\":true,\"indexed\":true,\"name\":\"apache2.error.level\",\"scripted\":false,\"searchable\":true,\"type\":\"string\"},{\"aggregatable\":true,\"analyzed\":false,\"count\":0,\"doc_values\":true,\"indexed\":true,\"name\":\"apache2.error.client\",\"scripted\":false,\"searchable\":true,\"type\":\"string\"},{\"aggregatable\":false,\"analyzed\":false,\"count\":0,\"doc_values\":true,\"indexed\":true,\"name\":\"apache2.error.message\",\"scripted\":false,\"searchable\":true,\"type\":\"string\"},{\"aggregatable\":true,\"analyzed\":false,\"count\":0,\"doc_values\":true,\"indexed\":true,\"name\":\"apache2.error.pid\",\"scripted\":false,\"searchable\":true,\"type\":\"number\"},{\"aggregatable\":true,\"analyzed\":false,\"count\":0,\"doc_values\":true,\"indexed\":true,\"name\":\"apache2.error.tid\",\"scripted\":false,\"searchable\":true,\"type\":\"number\"},{\"aggregatable\":true,\"analyzed\":false,\"count\":0,\"doc_values\":true,\"indexed\":true,\"name\":\"apache2.error.module\",\"scripted\":false,\"searchable\":true,\"type\":\"string\"},{\"aggregatable\":true,\"analyzed\":false,\"count\":0,\"doc_values\":true,\"indexed\":true,\"name\":\"auditd.log.record_type\",\"scripted\":false,\"searchable\":true,\"type\":\"string\"},{\"aggregatable\":true,\"analyzed\":false,\"count\":0,\"doc_values\":true,\"indexed\":true,\"name\":\"auditd.log.old_auid\",\"scripted\":false,\"searchable\":true,\"type\":\"string\"},{\"aggregatable\":true,\"analyzed\":false,\"count\":0,\"doc_values\":true,\"indexed\":true,\"name\":\"auditd.log.new_auid\",\"scripted\":false,\"searchable\":true,\"type\":\"string\"},{\"aggregatable\":true,\"analyzed\":false,\"count\":0,\"doc_values\":true,\"indexed\":true,\"name\":\"auditd.log.old_ses\",\"scripted\":false,\"searchable\":true,\"type\":\"string\"},{\"aggregatable\":true,\"analyzed\":false,\"count\":0,\"doc_values\":true,\"indexed\":true,\"name\":\"auditd.log.new_ses\",\"scripted\":false,\"searchable\":true,\"type\":\"string\"},{\"aggregatable\":true,\"analyzed\":false,\"count\":0,\"doc_values\":true,\"indexed\":true,\"name\":\"auditd.log.sequence\",\"scripted\":false,\"searchable\":true,\"type\":\"number\"},{\"aggregatable\":true,\"analyzed\":false,\"count\":0,\"doc_values\":true,\"indexed\":true,\"name\":\"auditd.log.acct\",\"scripted\":false,\"searchable\":true,\"type\":\"string\"},{\"aggregatable\":true,\"analyzed\":false,\"count\":0,\"doc_values\":true,\"indexed\":true,\"name\":\"auditd.log.pid\",\"scripted\":false,\"searchable\":true,\"type\":\"string\"},{\"aggregatable\":true,\"analyzed\":false,\"count\":0,\"doc_values\":true,\"indexed\":true,\"name\":\"auditd.log.ppid\",\"scripted\":false,\"searchable\":true,\"type\":\"string\"},{\"aggregatable\":true,\"analyzed\":false,\"count\":0,\"doc_values\":true,\"indexed\":true,\"name\":\"auditd.log.items\",\"scripted\":false,\"searchable\":true,\"type\":\"string\"},{\"aggregatable\":true,\"analyzed\":false,\"count\":0,\"doc_values\":true,\"indexed\":true,\"name\":\"auditd.log.item\",\"scripted\":false,\"searchable\":true,\"type\":\"string\"},{\"aggregatable\":true,\"analyzed\":false,\"count\":0,\"doc_values\":true,\"indexed\":true,\"name\":\"auditd.log.a0\",\"scripted\":false,\"searchable\":true,\"type\":\"string\"},{\"aggregatable\":true,\"analyzed\":false,\"count\":0,\"doc_values\":true,\"indexed\":true,\"name\":\"auditd.log.res\",\"scripted\":false,\"searchable\":true,\"type\":\"string\"},{\"aggregatable\":true,\"analyzed\":false,\"count\":0,\"doc_values\":true,\"indexed\":true,\"name\":\"auditd.log.geoip.continent_name\",\"scripted\":false,\"searchable\":true,\"type\":\"string\"},{\"aggregatable\":true,\"analyzed\":false,\"count\":0,\"doc_values\":true,\"indexed\":true,\"name\":\"auditd.log.geoip.city_name\",\"scripted\":false,\"searchable\":true,\"type\":\"string\"},{\"aggregatable\":true,\"analyzed\":false,\"count\":0,\"doc_values\":true,\"indexed\":true,\"name\":\"auditd.log.geoip.region_name\",\"scripted\":false,\"searchable\":true,\"type\":\"string\"},{\"aggregatable\":true,\"analyzed\":false,\"count\":0,\"doc_values\":true,\"indexed\":true,\"name\":\"auditd.log.geoip.country_iso_code\",\"scripted\":false,\"searchable\":true,\"type\":\"string\"},{\"aggregatable\":true,\"analyzed\":false,\"count\":0,\"doc_values\":true,\"indexed\":true,\"name\":\"auditd.log.geoip.location\",\"scripted\":false,\"searchable\":true,\"type\":\"geo_point\"},{\"aggregatable\":true,\"analyzed\":false,\"count\":0,\"doc_values\":true,\"indexed\":true,\"name\":\"icinga.debug.facility\",\"scripted\":false,\"searchable\":true,\"type\":\"string\"},{\"aggregatable\":true,\"analyzed\":false,\"count\":0,\"doc_values\":true,\"indexed\":true,\"name\":\"icinga.debug.severity\",\"scripted\":false,\"searchable\":true,\"type\":\"string\"},{\"aggregatable\":false,\"analyzed\":false,\"count\":0,\"doc_values\":true,\"indexed\":true,\"name\":\"icinga.debug.message\",\"scripted\":false,\"searchable\":true,\"type\":\"string\"},{\"aggregatable\":true,\"analyzed\":false,\"count\":0,\"doc_values\":true,\"indexed\":true,\"name\":\"icinga.main.facility\",\"scripted\":false,\"searchable\":true,\"type\":\"string\"},{\"aggregatable\":true,\"analyzed\":false,\"count\":0,\"doc_values\":true,\"indexed\":true,\"name\":\"icinga.main.severity\",\"scripted\":false,\"searchable\":true,\"type\":\"string\"},{\"aggregatable\":false,\"analyzed\":false,\"count\":0,\"doc_values\":true,\"indexed\":true,\"name\":\"icinga.main.message\",\"scripted\":false,\"searchable\":true,\"type\":\"string\"},{\"aggregatable\":true,\"analyzed\":false,\"count\":0,\"doc_values\":true,\"indexed\":true,\"name\":\"icinga.startup.facility\",\"scripted\":false,\"searchable\":true,\"type\":\"string\"},{\"aggregatable\":true,\"analyzed\":false,\"count\":0,\"doc_values\":true,\"indexed\":true,\"name\":\"icinga.startup.severity\",\"scripted\":false,\"searchable\":true,\"type\":\"string\"},{\"aggregatable\":false,\"analyzed\":false,\"count\":0,\"doc_values\":true,\"indexed\":true,\"name\":\"icinga.startup.message\",\"scripted\":false,\"searchable\":true,\"type\":\"string\"},{\"aggregatable\":true,\"analyzed\":false,\"count\":0,\"doc_values\":true,\"indexed\":true,\"name\":\"kafka.log.timestamp\",\"scripted\":false,\"searchable\":true,\"type\":\"string\"},{\"aggregatable\":true,\"analyzed\":false,\"count\":0,\"doc_values\":true,\"indexed\":true,\"name\":\"kafka.log.level\",\"scripted\":false,\"searchable\":true,\"type\":\"string\"},{\"aggregatable\":false,\"analyzed\":false,\"count\":0,\"doc_values\":true,\"indexed\":true,\"name\":\"kafka.log.message\",\"scripted\":false,\"searchable\":true,\"type\":\"string\"},{\"aggregatable\":true,\"analyzed\":false,\"count\":0,\"doc_values\":true,\"indexed\":true,\"name\":\"kafka.log.component\",\"scripted\":false,\"searchable\":true,\"type\":\"string\"},{\"aggregatable\":false,\"analyzed\":false,\"count\":0,\"doc_values\":true,\"indexed\":true,\"name\":\"kafka.log.class\",\"scripted\":false,\"searchable\":true,\"type\":\"string\"},{\"aggregatable\":true,\"analyzed\":false,\"count\":0,\"doc_values\":true,\"indexed\":true,\"name\":\"kafka.log.trace.class\",\"scripted\":false,\"searchable\":true,\"type\":\"string\"},{\"aggregatable\":false,\"analyzed\":false,\"count\":0,\"doc_values\":true,\"indexed\":true,\"name\":\"kafka.log.trace.message\",\"scripted\":false,\"searchable\":true,\"type\":\"string\"},{\"aggregatable\":false,\"analyzed\":false,\"count\":0,\"doc_values\":true,\"indexed\":true,\"name\":\"kafka.log.trace.full\",\"scripted\":false,\"searchable\":true,\"type\":\"string\"},{\"aggregatable\":false,\"analyzed\":false,\"count\":0,\"doc_values\":true,\"indexed\":true,\"name\":\"logstash.log.message\",\"scripted\":false,\"searchable\":true,\"type\":\"string\"},{\"aggregatable\":true,\"analyzed\":false,\"count\":0,\"doc_values\":true,\"indexed\":true,\"name\":\"logstash.log.level\",\"scripted\":false,\"searchable\":true,\"type\":\"string\"},{\"aggregatable\":true,\"analyzed\":false,\"count\":0,\"doc_values\":true,\"indexed\":true,\"name\":\"logstash.log.module\",\"scripted\":false,\"searchable\":true,\"type\":\"string\"},{\"aggregatable\":false,\"analyzed\":false,\"count\":0,\"doc_values\":true,\"indexed\":true,\"name\":\"logstash.log.thread\",\"scripted\":false,\"searchable\":true,\"type\":\"string\"},{\"aggregatable\":true,\"analyzed\":false,\"count\":0,\"doc_values\":true,\"indexed\":true,\"name\":\"logstash.log.log_event\",\"scripted\":false,\"searchable\":true},{\"aggregatable\":false,\"analyzed\":false,\"count\":0,\"doc_values\":true,\"indexed\":true,\"name\":\"logstash.slowlog.message\",\"scripted\":false,\"searchable\":true,\"type\":\"string\"},{\"aggregatable\":true,\"analyzed\":false,\"count\":0,\"doc_values\":true,\"indexed\":true,\"name\":\"logstash.slowlog.level\",\"scripted\":false,\"searchable\":true,\"type\":\"string\"},{\"aggregatable\":true,\"analyzed\":false,\"count\":0,\"doc_values\":true,\"indexed\":true,\"name\":\"logstash.slowlog.module\",\"scripted\":false,\"searchable\":true,\"type\":\"string\"},{\"aggregatable\":false,\"analyzed\":false,\"count\":0,\"doc_values\":true,\"indexed\":true,\"name\":\"logstash.slowlog.thread\",\"scripted\":false,\"searchable\":true,\"type\":\"string\"},{\"aggregatable\":false,\"analyzed\":false,\"count\":0,\"doc_values\":true,\"indexed\":true,\"name\":\"logstash.slowlog.event\",\"scripted\":false,\"searchable\":true,\"type\":\"string\"},{\"aggregatable\":true,\"analyzed\":false,\"count\":0,\"doc_values\":true,\"indexed\":true,\"name\":\"logstash.slowlog.plugin_name\",\"scripted\":false,\"searchable\":true,\"type\":\"string\"},{\"aggregatable\":true,\"analyzed\":false,\"count\":0,\"doc_values\":true,\"indexed\":true,\"name\":\"logstash.slowlog.plugin_type\",\"scripted\":false,\"searchable\":true,\"type\":\"string\"},{\"aggregatable\":true,\"analyzed\":false,\"count\":0,\"doc_values\":true,\"indexed\":true,\"name\":\"logstash.slowlog.took_in_millis\",\"scripted\":false,\"searchable\":true,\"type\":\"number\"},{\"aggregatable\":true,\"analyzed\":false,\"count\":0,\"doc_values\":true,\"indexed\":true,\"name\":\"logstash.slowlog.took_in_nanos\",\"scripted\":false,\"searchable\":true,\"type\":\"number\"},{\"aggregatable\":false,\"analyzed\":false,\"count\":0,\"doc_values\":true,\"indexed\":true,\"name\":\"logstash.slowlog.plugin_params\",\"scripted\":false,\"searchable\":true,\"type\":\"string\"},{\"aggregatable\":true,\"analyzed\":false,\"count\":0,\"doc_values\":true,\"indexed\":true,\"name\":\"logstash.slowlog.plugin_params_object\",\"scripted\":false,\"searchable\":true},{\"aggregatable\":true,\"analyzed\":false,\"count\":0,\"doc_values\":true,\"indexed\":true,\"name\":\"mysql.error.timestamp\",\"scripted\":false,\"searchable\":true,\"type\":\"string\"},{\"aggregatable\":true,\"analyzed\":false,\"count\":0,\"doc_values\":true,\"indexed\":true,\"name\":\"mysql.error.thread_id\",\"scripted\":false,\"searchable\":true,\"type\":\"number\"},{\"aggregatable\":true,\"analyzed\":false,\"count\":0,\"doc_values\":true,\"indexed\":true,\"name\":\"mysql.error.level\",\"scripted\":false,\"searchable\":true,\"type\":\"string\"},{\"aggregatable\":false,\"analyzed\":false,\"count\":0,\"doc_values\":true,\"indexed\":true,\"name\":\"mysql.error.message\",\"scripted\":false,\"searchable\":true,\"type\":\"string\"},{\"aggregatable\":true,\"analyzed\":false,\"count\":0,\"doc_values\":true,\"indexed\":true,\"name\":\"mysql.slowlog.user\",\"scripted\":false,\"searchable\":true,\"type\":\"string\"},{\"aggregatable\":true,\"analyzed\":false,\"count\":0,\"doc_values\":true,\"indexed\":true,\"name\":\"mysql.slowlog.host\",\"scripted\":false,\"searchable\":true,\"type\":\"string\"},{\"aggregatable\":true,\"analyzed\":false,\"count\":0,\"doc_values\":true,\"indexed\":true,\"name\":\"mysql.slowlog.ip\",\"scripted\":false,\"searchable\":true,\"type\":\"string\"},{\"aggregatable\":true,\"analyzed\":false,\"count\":0,\"doc_values\":true,\"indexed\":true,\"name\":\"mysql.slowlog.query_time.sec\",\"scripted\":false,\"searchable\":true,\"type\":\"number\"},{\"aggregatable\":true,\"analyzed\":false,\"count\":0,\"doc_values\":true,\"indexed\":true,\"name\":\"mysql.slowlog.lock_time.sec\",\"scripted\":false,\"searchable\":true,\"type\":\"number\"},{\"aggregatable\":true,\"analyzed\":false,\"count\":0,\"doc_values\":true,\"indexed\":true,\"name\":\"mysql.slowlog.rows_sent\",\"scripted\":false,\"searchable\":true,\"type\":\"number\"},{\"aggregatable\":true,\"analyzed\":false,\"count\":0,\"doc_values\":true,\"indexed\":true,\"name\":\"mysql.slowlog.rows_examined\",\"scripted\":false,\"searchable\":true,\"type\":\"number\"},{\"aggregatable\":true,\"analyzed\":false,\"count\":0,\"doc_values\":true,\"indexed\":true,\"name\":\"mysql.slowlog.timestamp\",\"scripted\":false,\"searchable\":true,\"type\":\"number\"},{\"aggregatable\":true,\"analyzed\":false,\"count\":0,\"doc_values\":true,\"indexed\":true,\"name\":\"mysql.slowlog.query\",\"scripted\":false,\"searchable\":true,\"type\":\"string\"},{\"aggregatable\":true,\"analyzed\":false,\"count\":0,\"doc_values\":true,\"indexed\":true,\"name\":\"mysql.slowlog.id\",\"scripted\":false,\"searchable\":true,\"type\":\"number\"},{\"aggregatable\":true,\"analyzed\":false,\"count\":0,\"doc_values\":true,\"indexed\":true,\"name\":\"nginx.access.remote_ip_list\",\"scripted\":false,\"searchable\":true},{\"aggregatable\":true,\"analyzed\":false,\"count\":0,\"doc_values\":true,\"indexed\":true,\"name\":\"nginx.access.remote_ip\",\"scripted\":false,\"searchable\":true,\"type\":\"string\"},{\"aggregatable\":true,\"analyzed\":false,\"count\":0,\"doc_values\":true,\"indexed\":true,\"name\":\"nginx.access.user_name\",\"scripted\":false,\"searchable\":true,\"type\":\"string\"},{\"aggregatable\":true,\"analyzed\":false,\"count\":0,\"doc_values\":true,\"indexed\":true,\"name\":\"nginx.access.method\",\"scripted\":false,\"searchable\":true,\"type\":\"string\"},{\"aggregatable\":true,\"analyzed\":false,\"count\":0,\"doc_values\":true,\"indexed\":true,\"name\":\"nginx.access.url\",\"scripted\":false,\"searchable\":true,\"type\":\"string\"},{\"aggregatable\":true,\"analyzed\":false,\"count\":0,\"doc_values\":true,\"indexed\":true,\"name\":\"nginx.access.http_version\",\"scripted\":false,\"searchable\":true,\"type\":\"string\"},{\"aggregatable\":true,\"analyzed\":false,\"count\":0,\"doc_values\":true,\"indexed\":true,\"name\":\"nginx.access.response_code\",\"scripted\":false,\"searchable\":true,\"type\":\"number\"},{\"aggregatable\":true,\"analyzed\":false,\"count\":0,\"doc_values\":true,\"indexed\":true,\"name\":\"nginx.access.body_sent.bytes\",\"scripted\":false,\"searchable\":true,\"type\":\"number\"},{\"aggregatable\":true,\"analyzed\":false,\"count\":0,\"doc_values\":true,\"indexed\":true,\"name\":\"nginx.access.referrer\",\"scripted\":false,\"searchable\":true,\"type\":\"string\"},{\"aggregatable\":false,\"analyzed\":false,\"count\":0,\"doc_values\":true,\"indexed\":true,\"name\":\"nginx.access.agent\",\"scripted\":false,\"searchable\":true,\"type\":\"string\"},{\"aggregatable\":true,\"analyzed\":false,\"count\":0,\"doc_values\":true,\"indexed\":true,\"name\":\"nginx.access.user_agent.device\",\"scripted\":false,\"searchable\":true,\"type\":\"string\"},{\"aggregatable\":true,\"analyzed\":false,\"count\":0,\"doc_values\":true,\"indexed\":true,\"name\":\"nginx.access.user_agent.major\",\"scripted\":false,\"searchable\":true,\"type\":\"number\"},{\"aggregatable\":true,\"analyzed\":false,\"count\":0,\"doc_values\":true,\"indexed\":true,\"name\":\"nginx.access.user_agent.minor\",\"scripted\":false,\"searchable\":true,\"type\":\"number\"},{\"aggregatable\":true,\"analyzed\":false,\"count\":0,\"doc_values\":true,\"indexed\":true,\"name\":\"nginx.access.user_agent.patch\",\"scripted\":false,\"searchable\":true,\"type\":\"string\"},{\"aggregatable\":true,\"analyzed\":false,\"count\":0,\"doc_values\":true,\"indexed\":true,\"name\":\"nginx.access.user_agent.name\",\"scripted\":false,\"searchable\":true,\"type\":\"string\"},{\"aggregatable\":true,\"analyzed\":false,\"count\":0,\"doc_values\":true,\"indexed\":true,\"name\":\"nginx.access.user_agent.os\",\"scripted\":false,\"searchable\":true,\"type\":\"string\"},{\"aggregatable\":true,\"analyzed\":false,\"count\":0,\"doc_values\":true,\"indexed\":true,\"name\":\"nginx.access.user_agent.os_major\",\"scripted\":false,\"searchable\":true,\"type\":\"number\"},{\"aggregatable\":true,\"analyzed\":false,\"count\":0,\"doc_values\":true,\"indexed\":true,\"name\":\"nginx.access.user_agent.os_minor\",\"scripted\":false,\"searchable\":true,\"type\":\"number\"},{\"aggregatable\":true,\"analyzed\":false,\"count\":0,\"doc_values\":true,\"indexed\":true,\"name\":\"nginx.access.user_agent.os_name\",\"scripted\":false,\"searchable\":true,\"type\":\"string\"},{\"aggregatable\":true,\"analyzed\":false,\"count\":0,\"doc_values\":true,\"indexed\":true,\"name\":\"nginx.access.geoip.continent_name\",\"scripted\":false,\"searchable\":true,\"type\":\"string\"},{\"aggregatable\":true,\"analyzed\":false,\"count\":0,\"doc_values\":true,\"indexed\":true,\"name\":\"nginx.access.geoip.country_iso_code\",\"scripted\":false,\"searchable\":true,\"type\":\"string\"},{\"aggregatable\":true,\"analyzed\":false,\"count\":0,\"doc_values\":true,\"indexed\":true,\"name\":\"nginx.access.geoip.location\",\"scripted\":false,\"searchable\":true,\"type\":\"geo_point\"},{\"aggregatable\":true,\"analyzed\":false,\"count\":0,\"doc_values\":true,\"indexed\":true,\"name\":\"nginx.access.geoip.region_name\",\"scripted\":false,\"searchable\":true,\"type\":\"string\"},{\"aggregatable\":true,\"analyzed\":false,\"count\":0,\"doc_values\":true,\"indexed\":true,\"name\":\"nginx.access.geoip.city_name\",\"scripted\":false,\"searchable\":true,\"type\":\"string\"},{\"aggregatable\":true,\"analyzed\":false,\"count\":0,\"doc_values\":true,\"indexed\":true,\"name\":\"nginx.error.level\",\"scripted\":false,\"searchable\":true,\"type\":\"string\"},{\"aggregatable\":true,\"analyzed\":false,\"count\":0,\"doc_values\":true,\"indexed\":true,\"name\":\"nginx.error.pid\",\"scripted\":false,\"searchable\":true,\"type\":\"number\"},{\"aggregatable\":true,\"analyzed\":false,\"count\":0,\"doc_values\":true,\"indexed\":true,\"name\":\"nginx.error.tid\",\"scripted\":false,\"searchable\":true,\"type\":\"number\"},{\"aggregatable\":true,\"analyzed\":false,\"count\":0,\"doc_values\":true,\"indexed\":true,\"name\":\"nginx.error.connection_id\",\"scripted\":false,\"searchable\":true,\"type\":\"number\"},{\"aggregatable\":false,\"analyzed\":false,\"count\":0,\"doc_values\":true,\"indexed\":true,\"name\":\"nginx.error.message\",\"scripted\":false,\"searchable\":true,\"type\":\"string\"},{\"aggregatable\":true,\"analyzed\":false,\"count\":0,\"doc_values\":true,\"indexed\":true,\"name\":\"osquery.result.name\",\"scripted\":false,\"searchable\":true,\"type\":\"string\"},{\"aggregatable\":true,\"analyzed\":false,\"count\":0,\"doc_values\":true,\"indexed\":true,\"name\":\"osquery.result.action\",\"scripted\":false,\"searchable\":true,\"type\":\"string\"},{\"aggregatable\":true,\"analyzed\":false,\"count\":0,\"doc_values\":true,\"indexed\":true,\"name\":\"osquery.result.host_identifier\",\"scripted\":false,\"searchable\":true,\"type\":\"string\"},{\"aggregatable\":true,\"analyzed\":false,\"count\":0,\"doc_values\":true,\"indexed\":true,\"name\":\"osquery.result.unix_time\",\"scripted\":false,\"searchable\":true,\"type\":\"number\"},{\"aggregatable\":true,\"analyzed\":false,\"count\":0,\"doc_values\":true,\"indexed\":true,\"name\":\"osquery.result.calendar_time\",\"scripted\":false,\"searchable\":true,\"type\":\"string\"},{\"aggregatable\":true,\"analyzed\":false,\"count\":0,\"doc_values\":true,\"indexed\":true,\"name\":\"postgresql.log.timestamp\",\"scripted\":false,\"searchable\":true,\"type\":\"string\"},{\"aggregatable\":true,\"analyzed\":false,\"count\":0,\"doc_values\":true,\"indexed\":true,\"name\":\"postgresql.log.timezone\",\"scripted\":false,\"searchable\":true,\"type\":\"string\"},{\"aggregatable\":true,\"analyzed\":false,\"count\":0,\"doc_values\":true,\"indexed\":true,\"name\":\"postgresql.log.thread_id\",\"scripted\":false,\"searchable\":true,\"type\":\"number\"},{\"aggregatable\":true,\"analyzed\":false,\"count\":0,\"doc_values\":true,\"indexed\":true,\"name\":\"postgresql.log.user\",\"scripted\":false,\"searchable\":true,\"type\":\"string\"},{\"aggregatable\":true,\"analyzed\":false,\"count\":0,\"doc_values\":true,\"indexed\":true,\"name\":\"postgresql.log.database\",\"scripted\":false,\"searchable\":true,\"type\":\"string\"},{\"aggregatable\":true,\"analyzed\":false,\"count\":0,\"doc_values\":true,\"indexed\":true,\"name\":\"postgresql.log.level\",\"scripted\":false,\"searchable\":true,\"type\":\"string\"},{\"aggregatable\":true,\"analyzed\":false,\"count\":0,\"doc_values\":true,\"indexed\":true,\"name\":\"postgresql.log.duration\",\"scripted\":false,\"searchable\":true,\"type\":\"number\"},{\"aggregatable\":true,\"analyzed\":false,\"count\":0,\"doc_values\":true,\"indexed\":true,\"name\":\"postgresql.log.query\",\"scripted\":false,\"searchable\":true,\"type\":\"string\"},{\"aggregatable\":false,\"analyzed\":false,\"count\":0,\"doc_values\":true,\"indexed\":true,\"name\":\"postgresql.log.message\",\"scripted\":false,\"searchable\":true,\"type\":\"string\"},{\"aggregatable\":true,\"analyzed\":false,\"count\":0,\"doc_values\":true,\"indexed\":true,\"name\":\"redis.log.pid\",\"scripted\":false,\"searchable\":true,\"type\":\"number\"},{\"aggregatable\":true,\"analyzed\":false,\"count\":0,\"doc_values\":true,\"indexed\":true,\"name\":\"redis.log.role\",\"scripted\":false,\"searchable\":true,\"type\":\"string\"},{\"aggregatable\":true,\"analyzed\":false,\"count\":0,\"doc_values\":true,\"indexed\":true,\"name\":\"redis.log.level\",\"scripted\":false,\"searchable\":true,\"type\":\"string\"},{\"aggregatable\":false,\"analyzed\":false,\"count\":0,\"doc_values\":true,\"indexed\":true,\"name\":\"redis.log.message\",\"scripted\":false,\"searchable\":true,\"type\":\"string\"},{\"aggregatable\":true,\"analyzed\":false,\"count\":0,\"doc_values\":true,\"indexed\":true,\"name\":\"redis.slowlog.cmd\",\"scripted\":false,\"searchable\":true,\"type\":\"string\"},{\"aggregatable\":true,\"analyzed\":false,\"count\":0,\"doc_values\":true,\"indexed\":true,\"name\":\"redis.slowlog.duration.us\",\"scripted\":false,\"searchable\":true,\"type\":\"number\"},{\"aggregatable\":true,\"analyzed\":false,\"count\":0,\"doc_values\":true,\"indexed\":true,\"name\":\"redis.slowlog.id\",\"scripted\":false,\"searchable\":true,\"type\":\"number\"},{\"aggregatable\":true,\"analyzed\":false,\"count\":0,\"doc_values\":true,\"indexed\":true,\"name\":\"redis.slowlog.key\",\"scripted\":false,\"searchable\":true,\"type\":\"string\"},{\"aggregatable\":true,\"analyzed\":false,\"count\":0,\"doc_values\":true,\"indexed\":true,\"name\":\"redis.slowlog.args\",\"scripted\":false,\"searchable\":true,\"type\":\"string\"},{\"aggregatable\":true,\"analyzed\":false,\"count\":0,\"doc_values\":true,\"indexed\":true,\"name\":\"system.auth.timestamp\",\"scripted\":false,\"searchable\":true,\"type\":\"string\"},{\"aggregatable\":true,\"analyzed\":false,\"count\":0,\"doc_values\":true,\"indexed\":true,\"name\":\"system.auth.hostname\",\"scripted\":false,\"searchable\":true,\"type\":\"string\"},{\"aggregatable\":true,\"analyzed\":false,\"count\":0,\"doc_values\":true,\"indexed\":true,\"name\":\"system.auth.program\",\"scripted\":false,\"searchable\":true,\"type\":\"string\"},{\"aggregatable\":true,\"analyzed\":false,\"count\":0,\"doc_values\":true,\"indexed\":true,\"name\":\"system.auth.pid\",\"scripted\":false,\"searchable\":true,\"type\":\"number\"},{\"aggregatable\":true,\"analyzed\":false,\"count\":0,\"doc_values\":true,\"indexed\":true,\"name\":\"system.auth.message\",\"scripted\":false,\"searchable\":true,\"type\":\"string\"},{\"aggregatable\":true,\"analyzed\":false,\"count\":0,\"doc_values\":true,\"indexed\":true,\"name\":\"system.auth.user\",\"scripted\":false,\"searchable\":true,\"type\":\"string\"},{\"aggregatable\":true,\"analyzed\":false,\"count\":0,\"doc_values\":true,\"indexed\":true,\"name\":\"system.auth.ssh.event\",\"scripted\":false,\"searchable\":true,\"type\":\"string\"},{\"aggregatable\":true,\"analyzed\":false,\"count\":0,\"doc_values\":true,\"indexed\":true,\"name\":\"system.auth.ssh.method\",\"scripted\":false,\"searchable\":true,\"type\":\"string\"},{\"aggregatable\":true,\"analyzed\":false,\"count\":0,\"doc_values\":true,\"indexed\":true,\"name\":\"system.auth.ssh.ip\",\"scripted\":false,\"searchable\":true},{\"aggregatable\":true,\"analyzed\":false,\"count\":0,\"doc_values\":true,\"indexed\":true,\"name\":\"system.auth.ssh.dropped_ip\",\"scripted\":false,\"searchable\":true},{\"aggregatable\":true,\"analyzed\":false,\"count\":0,\"doc_values\":true,\"indexed\":true,\"name\":\"system.auth.ssh.port\",\"scripted\":false,\"searchable\":true,\"type\":\"number\"},{\"aggregatable\":true,\"analyzed\":false,\"count\":0,\"doc_values\":true,\"indexed\":true,\"name\":\"system.auth.ssh.signature\",\"scripted\":false,\"searchable\":true,\"type\":\"string\"},{\"aggregatable\":true,\"analyzed\":false,\"count\":0,\"doc_values\":true,\"indexed\":true,\"name\":\"system.auth.ssh.geoip.continent_name\",\"scripted\":false,\"searchable\":true,\"type\":\"string\"},{\"aggregatable\":true,\"analyzed\":false,\"count\":0,\"doc_values\":true,\"indexed\":true,\"name\":\"system.auth.ssh.geoip.city_name\",\"scripted\":false,\"searchable\":true,\"type\":\"string\"},{\"aggregatable\":true,\"analyzed\":false,\"count\":0,\"doc_values\":true,\"indexed\":true,\"name\":\"system.auth.ssh.geoip.region_name\",\"scripted\":false,\"searchable\":true,\"type\":\"string\"},{\"aggregatable\":true,\"analyzed\":false,\"count\":0,\"doc_values\":true,\"indexed\":true,\"name\":\"system.auth.ssh.geoip.country_iso_code\",\"scripted\":false,\"searchable\":true,\"type\":\"string\"},{\"aggregatable\":true,\"analyzed\":false,\"count\":0,\"doc_values\":true,\"indexed\":true,\"name\":\"system.auth.ssh.geoip.location\",\"scripted\":false,\"searchable\":true,\"type\":\"geo_point\"},{\"aggregatable\":true,\"analyzed\":false,\"count\":0,\"doc_values\":true,\"indexed\":true,\"name\":\"system.auth.sudo.error\",\"scripted\":false,\"searchable\":true,\"type\":\"string\"},{\"aggregatable\":true,\"analyzed\":false,\"count\":0,\"doc_values\":true,\"indexed\":true,\"name\":\"system.auth.sudo.tty\",\"scripted\":false,\"searchable\":true,\"type\":\"string\"},{\"aggregatable\":true,\"analyzed\":false,\"count\":0,\"doc_values\":true,\"indexed\":true,\"name\":\"system.auth.sudo.pwd\",\"scripted\":false,\"searchable\":true,\"type\":\"string\"},{\"aggregatable\":true,\"analyzed\":false,\"count\":0,\"doc_values\":true,\"indexed\":true,\"name\":\"system.auth.sudo.user\",\"scripted\":false,\"searchable\":true,\"type\":\"string\"},{\"aggregatable\":true,\"analyzed\":false,\"count\":0,\"doc_values\":true,\"indexed\":true,\"name\":\"system.auth.sudo.command\",\"scripted\":false,\"searchable\":true,\"type\":\"string\"},{\"aggregatable\":true,\"analyzed\":false,\"count\":0,\"doc_values\":true,\"indexed\":true,\"name\":\"system.auth.useradd.name\",\"scripted\":false,\"searchable\":true,\"type\":\"string\"},{\"aggregatable\":true,\"analyzed\":false,\"count\":0,\"doc_values\":true,\"indexed\":true,\"name\":\"system.auth.useradd.uid\",\"scripted\":false,\"searchable\":true,\"type\":\"number\"},{\"aggregatable\":true,\"analyzed\":false,\"count\":0,\"doc_values\":true,\"indexed\":true,\"name\":\"system.auth.useradd.gid\",\"scripted\":false,\"searchable\":true,\"type\":\"number\"},{\"aggregatable\":true,\"analyzed\":false,\"count\":0,\"doc_values\":true,\"indexed\":true,\"name\":\"system.auth.useradd.home\",\"scripted\":false,\"searchable\":true,\"type\":\"string\"},{\"aggregatable\":true,\"analyzed\":false,\"count\":0,\"doc_values\":true,\"indexed\":true,\"name\":\"system.auth.useradd.shell\",\"scripted\":false,\"searchable\":true,\"type\":\"string\"},{\"aggregatable\":true,\"analyzed\":false,\"count\":0,\"doc_values\":true,\"indexed\":true,\"name\":\"system.auth.groupadd.name\",\"scripted\":false,\"searchable\":true,\"type\":\"string\"},{\"aggregatable\":true,\"analyzed\":false,\"count\":0,\"doc_values\":true,\"indexed\":true,\"name\":\"system.auth.groupadd.gid\",\"scripted\":false,\"searchable\":true,\"type\":\"number\"},{\"aggregatable\":true,\"analyzed\":false,\"count\":0,\"doc_values\":true,\"indexed\":true,\"name\":\"system.syslog.timestamp\",\"scripted\":false,\"searchable\":true,\"type\":\"string\"},{\"aggregatable\":true,\"analyzed\":false,\"count\":0,\"doc_values\":true,\"indexed\":true,\"name\":\"system.syslog.hostname\",\"scripted\":false,\"searchable\":true,\"type\":\"string\"},{\"aggregatable\":true,\"analyzed\":false,\"count\":0,\"doc_values\":true,\"indexed\":true,\"name\":\"system.syslog.program\",\"scripted\":false,\"searchable\":true,\"type\":\"string\"},{\"aggregatable\":true,\"analyzed\":false,\"count\":0,\"doc_values\":true,\"indexed\":true,\"name\":\"system.syslog.pid\",\"scripted\":false,\"searchable\":true,\"type\":\"string\"},{\"aggregatable\":true,\"analyzed\":false,\"count\":0,\"doc_values\":true,\"indexed\":true,\"name\":\"system.syslog.message\",\"scripted\":false,\"searchable\":true,\"type\":\"string\"},{\"aggregatable\":true,\"analyzed\":false,\"count\":0,\"doc_values\":true,\"indexed\":true,\"name\":\"traefik.access.remote_ip\",\"scripted\":false,\"searchable\":true,\"type\":\"string\"},{\"aggregatable\":true,\"analyzed\":false,\"count\":0,\"doc_values\":true,\"indexed\":true,\"name\":\"traefik.access.user_name\",\"scripted\":false,\"searchable\":true,\"type\":\"string\"},{\"aggregatable\":true,\"analyzed\":false,\"count\":0,\"doc_values\":true,\"indexed\":true,\"name\":\"traefik.access.method\",\"scripted\":false,\"searchable\":true,\"type\":\"string\"},{\"aggregatable\":true,\"analyzed\":false,\"count\":0,\"doc_values\":true,\"indexed\":true,\"name\":\"traefik.access.url\",\"scripted\":false,\"searchable\":true,\"type\":\"string\"},{\"aggregatable\":true,\"analyzed\":false,\"count\":0,\"doc_values\":true,\"indexed\":true,\"name\":\"traefik.access.http_version\",\"scripted\":false,\"searchable\":true,\"type\":\"string\"},{\"aggregatable\":true,\"analyzed\":false,\"count\":0,\"doc_values\":true,\"indexed\":true,\"name\":\"traefik.access.response_code\",\"scripted\":false,\"searchable\":true,\"type\":\"number\"},{\"aggregatable\":true,\"analyzed\":false,\"count\":0,\"doc_values\":true,\"indexed\":true,\"name\":\"traefik.access.body_sent.bytes\",\"scripted\":false,\"searchable\":true,\"type\":\"number\"},{\"aggregatable\":true,\"analyzed\":false,\"count\":0,\"doc_values\":true,\"indexed\":true,\"name\":\"traefik.access.referrer\",\"scripted\":false,\"searchable\":true,\"type\":\"string\"},{\"aggregatable\":false,\"analyzed\":false,\"count\":0,\"doc_values\":true,\"indexed\":true,\"name\":\"traefik.access.agent\",\"scripted\":false,\"searchable\":true,\"type\":\"string\"},{\"aggregatable\":true,\"analyzed\":false,\"count\":0,\"doc_values\":true,\"indexed\":true,\"name\":\"traefik.access.user_agent.device\",\"scripted\":false,\"searchable\":true,\"type\":\"string\"},{\"aggregatable\":true,\"analyzed\":false,\"count\":0,\"doc_values\":true,\"indexed\":true,\"name\":\"traefik.access.user_agent.major\",\"scripted\":false,\"searchable\":true,\"type\":\"number\"},{\"aggregatable\":true,\"analyzed\":false,\"count\":0,\"doc_values\":true,\"indexed\":true,\"name\":\"traefik.access.user_agent.minor\",\"scripted\":false,\"searchable\":true,\"type\":\"number\"},{\"aggregatable\":true,\"analyzed\":false,\"count\":0,\"doc_values\":true,\"indexed\":true,\"name\":\"traefik.access.user_agent.patch\",\"scripted\":false,\"searchable\":true,\"type\":\"string\"},{\"aggregatable\":true,\"analyzed\":false,\"count\":0,\"doc_values\":true,\"indexed\":true,\"name\":\"traefik.access.user_agent.name\",\"scripted\":false,\"searchable\":true,\"type\":\"string\"},{\"aggregatable\":true,\"analyzed\":false,\"count\":0,\"doc_values\":true,\"indexed\":true,\"name\":\"traefik.access.user_agent.os\",\"scripted\":false,\"searchable\":true,\"type\":\"string\"},{\"aggregatable\":true,\"analyzed\":false,\"count\":0,\"doc_values\":true,\"indexed\":true,\"name\":\"traefik.access.user_agent.os_major\",\"scripted\":false,\"searchable\":true,\"type\":\"number\"},{\"aggregatable\":true,\"analyzed\":false,\"count\":0,\"doc_values\":true,\"indexed\":true,\"name\":\"traefik.access.user_agent.os_minor\",\"scripted\":false,\"searchable\":true,\"type\":\"number\"},{\"aggregatable\":true,\"analyzed\":false,\"count\":0,\"doc_values\":true,\"indexed\":true,\"name\":\"traefik.access.user_agent.os_name\",\"scripted\":false,\"searchable\":true,\"type\":\"string\"},{\"aggregatable\":true,\"analyzed\":false,\"count\":0,\"doc_values\":true,\"indexed\":true,\"name\":\"traefik.access.geoip.continent_name\",\"scripted\":false,\"searchable\":true,\"type\":\"string\"},{\"aggregatable\":true,\"analyzed\":false,\"count\":0,\"doc_values\":true,\"indexed\":true,\"name\":\"traefik.access.geoip.country_iso_code\",\"scripted\":false,\"searchable\":true,\"type\":\"string\"},{\"aggregatable\":true,\"analyzed\":false,\"count\":0,\"doc_values\":true,\"indexed\":true,\"name\":\"traefik.access.geoip.location\",\"scripted\":false,\"searchable\":true,\"type\":\"geo_point\"},{\"aggregatable\":true,\"analyzed\":false,\"count\":0,\"doc_values\":true,\"indexed\":true,\"name\":\"traefik.access.geoip.region_name\",\"scripted\":false,\"searchable\":true,\"type\":\"string\"},{\"aggregatable\":true,\"analyzed\":false,\"count\":0,\"doc_values\":true,\"indexed\":true,\"name\":\"traefik.access.geoip.city_name\",\"scripted\":false,\"searchable\":true,\"type\":\"string\"},{\"aggregatable\":true,\"analyzed\":false,\"count\":0,\"doc_values\":true,\"indexed\":true,\"name\":\"traefik.access.request_count\",\"scripted\":false,\"searchable\":true,\"type\":\"number\"},{\"aggregatable\":false,\"analyzed\":false,\"count\":0,\"doc_values\":true,\"indexed\":true,\"name\":\"traefik.access.frontend_name\",\"scripted\":false,\"searchable\":true,\"type\":\"string\"},{\"aggregatable\":false,\"analyzed\":false,\"count\":0,\"doc_values\":true,\"indexed\":true,\"name\":\"traefik.access.backend_url\",\"scripted\":false,\"searchable\":true,\"type\":\"string\"},{\"aggregatable\":false,\"analyzed\":false,\"count\":0,\"doc_values\":false,\"indexed\":false,\"name\":\"_id\",\"scripted\":false,\"searchable\":false,\"type\":\"string\"},{\"aggregatable\":true,\"analyzed\":false,\"count\":0,\"doc_values\":false,\"indexed\":false,\"name\":\"_type\",\"scripted\":false,\"searchable\":true,\"type\":\"string\"},{\"aggregatable\":false,\"analyzed\":false,\"count\":0,\"doc_values\":false,\"indexed\":false,\"name\":\"_index\",\"scripted\":false,\"searchable\":false,\"type\":\"string\"},{\"aggregatable\":false,\"analyzed\":false,\"count\":0,\"doc_values\":false,\"indexed\":false,\"name\":\"_score\",\"scripted\":false,\"searchable\":false,\"type\":\"number\"}]",
        "timeFieldName": "@timestamp",
        "title": "filebeat-*"
      },
      "id": "filebeat-*",
      "type": "index-pattern",
      "version": 1
    }
  ],
  "version": "6.2.1"
}