{
  "objects": [
    {
      "attributes": {
        "columns": [
          "nginx.error.level",
          "nginx.error.message"
        ],
        "description": "",
        "hits": 0,
        "kibanaSavedObjectMeta": {
          "searchSourceJSON": "{\"index\":\"filebeat-*\",\"query\":{\"language\":\"lucene\",\"query\":\"_exists_:nginx AND _exists_:nginx.error.message\"},\"filter\":[],\"highlight\":{\"pre_tags\":[\"@kibana-highlighted-field@\"],\"post_tags\":[\"@/kibana-highlighted-field@\"],\"fields\":{\"*\":{}},\"require_field_match\":false,\"fragment_size\":2147483647},\"highlightAll\":true,\"version\":true}"
        },
        "sort": [
          "@timestamp",
          "desc"
        ],
        "title": "Nginx error logs [Filebeat Nginx]",
        "version": 1
      },
      "id": "9eb25600-a1f0-11e7-928f-5dbe6f6f5519",
      "type": "search",
      "version": 1
    },
    {
      "attributes": {
        "columns": [
          "nginx.access.url",
          "nginx.access.method",
          "nginx.access.response_code",
          "nginx.access.body_sent.bytes"
        ],
        "description": "",
        "hits": 0,
        "kibanaSavedObjectMeta": {
          "searchSourceJSON": "{\"index\":\"filebeat-*\",\"query\":{\"language\":\"lucene\",\"query\":\"_exists_:nginx AND _exists_:nginx.access.url\"},\"filter\":[],\"highlight\":{\"pre_tags\":[\"@kibana-highlighted-field@\"],\"post_tags\":[\"@/kibana-highlighted-field@\"],\"fields\":{\"*\":{}},\"require_field_match\":false,\"fragment_size\":2147483647},\"highlightAll\":true,\"version\":true}"
        },
        "sort": [
          "@timestamp",
          "desc"
        ],
        "title": "Nginx access logs [Filebeat Nginx]",
        "version": 1
      },
      "id": "6d9e66d0-a1f0-11e7-928f-5dbe6f6f5519",
      "type": "search",
      "version": 4
    },
    {
      "attributes": {
        "description": "",
        "kibanaSavedObjectMeta": {
          "searchSourceJSON": "{}"
        },
        "title": "Access logs over time [Filebeat Nginx]",
        "uiStateJSON": "{}",
        "version": 1,
        "visState": "{\"title\":\"Access logs over time [Filebeat Nginx]\",\"type\":\"metrics\",\"params\":{\"id\":\"61ca57f0-469d-11e7-af02-69e470af7417\",\"type\":\"timeseries\",\"series\":[{\"id\":\"61ca57f1-469d-11e7-af02-69e470af7417\",\"color\":\"#68BC00\",\"split_mode\":\"everything\",\"metrics\":[{\"id\":\"61ca57f2-469d-11e7-af02-69e470af7417\",\"type\":\"count\"}],\"seperate_axis\":0,\"axis_position\":\"right\",\"formatter\":\"number\",\"chart_type\":\"line\",\"line_width\":1,\"point_size\":1,\"fill\":0.5,\"stacked\":\"none\",\"terms_field\":\"nginx.access.url\",\"terms_order_by\":\"61ca57f2-469d-11e7-af02-69e470af7417\",\"split_filters\":[{\"color\":\"#68BC00\",\"id\":\"1db649a0-a1f3-11e7-a062-a1c3587f4874\"}],\"label\":\"Access logs\"}],\"time_field\":\"@timestamp\",\"index_pattern\":\"filebeat-*\",\"interval\":\"auto\",\"axis_position\":\"left\",\"axis_formatter\":\"number\",\"show_legend\":1,\"show_grid\":1,\"background_color_rules\":[{\"id\":\"3189aa80-a1f3-11e7-a062-a1c3587f4874\"}],\"annotations\":[{\"id\":\"970b1420-a1f3-11e7-a062-a1c3587f4874\",\"color\":\"#F00\",\"index_pattern\":\"filebeat-*\",\"time_field\":\"@timestamp\",\"icon\":\"fa-tag\",\"ignore_global_filters\":1,\"ignore_panel_filters\":1}],\"filter\":\"fileset.module:nginx AND fileset.name:access\",\"legend_position\":\"bottom\"},\"aggs\":[]}"
      },
      "id": "1cfb1a80-a1f4-11e7-928f-5dbe6f6f5519",
      "type": "visualization",
      "version": 2
    },
    {
      "attributes": {
        "description": "",
        "kibanaSavedObjectMeta": {
          "searchSourceJSON": "{}"
        },
        "title": "Dashboards [Filebeat Nginx]",
        "uiStateJSON": "{}",
        "version": 1,
        "visState": "{\"title\":\"Dashboards [Filebeat Nginx]\",\"type\":\"markdown\",\"params\":{\"fontSize\":12,\"markdown\":\"[Nginx logs overview](#/dashboard/55a9e6e0-a29e-11e7-928f-5dbe6f6f5519) | [Nginx access and error logs](#/dashboard/046212a0-a2a1-11e7-928f-5dbe6f6f5519)\"},\"aggs\":[]}"
      },
      "id": "97109780-a2a5-11e7-928f-5dbe6f6f5519",
      "type": "visualization",
      "version": 1
    },
    {
      "attributes": {
        "description": "Dashboard for the Filebeat Nginx module",
        "hits": 0,
        "kibanaSavedObjectMeta": {
          "searchSourceJSON": "{\"filter\":[],\"query\":{\"language\":\"lucene\",\"query\":{\"query_string\":{\"analyze_wildcard\":true,\"default_field\":\"*\",\"query\":\"*\"}}},\"highlightAll\":true,\"version\":true}"
        },
        "optionsJSON": "{\"darkTheme\":false}",
        "panelsJSON": "[{\"col\":1,\"columns\":[\"nginx.error.level\",\"nginx.error.message\"],\"id\":\"9eb25600-a1f0-11e7-928f-5dbe6f6f5519\",\"panelIndex\":11,\"row\":5,\"size_x\":12,\"size_y\":3,\"sort\":[\"@timestamp\",\"desc\"],\"type\":\"search\"},{\"col\":1,\"columns\":[\"nginx.access.url\",\"nginx.access.method\",\"nginx.access.response_code\",\"nginx.access.body_sent.bytes\"],\"id\":\"6d9e66d0-a1f0-11e7-928f-5dbe6f6f5519\",\"panelIndex\":16,\"row\":8,\"size_x\":12,\"size_y\":7,\"sort\":[\"@timestamp\",\"desc\"],\"type\":\"search\"},{\"col\":1,\"id\":\"1cfb1a80-a1f4-11e7-928f-5dbe6f6f5519\",\"panelIndex\":18,\"row\":2,\"size_x\":12,\"size_y\":3,\"type\":\"visualization\"},{\"size_x\":12,\"size_y\":1,\"panelIndex\":19,\"type\":\"visualization\",\"id\":\"97109780-a2a5-11e7-928f-5dbe6f6f5519\",\"col\":1,\"row\":1}]",
        "timeRestore": false,
        "title": "[Filebeat Nginx] Access and error logs",
        "uiStateJSON": "{}",
        "version": 1
      },
      "id": "046212a0-a2a1-11e7-928f-5dbe6f6f5519",
      "type": "dashboard",
      "version": 2
    }
  ],
  "version": "6.0.0-beta2"
}
